{"cameraMode":{"drawMode":0,"name":"Shaded","section":"Shading Mode"},"sceneLighting":true,"audioPlay":false,"sceneViewState":{"showFog":true,"showMaterialUpdate":false,"showSkybox":true,"showFlares":true,"showImageEffects":true,"showParticleSystems":true},"in2DMode":false,"pivot":{"x":-31.15152931213379,"y":-1.4348790645599366,"z":15.977670669555664},"rotation":{"x":0.1615869402885437,"y":0.6887816786766052,"z":-0.16180582344532014,"w":0.6879883408546448},"size":42.82516098022461,"orthographic":false}