{"cameraMode":{"drawMode":0,"name":"Shaded","section":"Shading Mode"},"sceneLighting":true,"audioPlay":false,"sceneViewState":{"showFog":true,"showMaterialUpdate":false,"showSkybox":true,"showFlares":true,"showImageEffects":true,"showParticleSystems":true},"in2DMode":false,"pivot":{"x":-13.014469146728516,"y":1.5141621828079224,"z":11.68686294555664},"rotation":{"x":-0.0820428654551506,"y":-0.8340809941291809,"z":0.12915945053100587,"w":-0.5300801992416382},"size":24.53174591064453,"orthographic":false}