{"cameraMode":{"drawMode":0,"name":"Shaded","section":"Shading Mode"},"sceneLighting":true,"audioPlay":false,"sceneViewState":{"showFog":true,"showMaterialUpdate":false,"showSkybox":true,"showFlares":true,"showImageEffects":true,"showParticleSystems":true},"in2DMode":false,"pivot":{"x":-57.517913818359378,"y":-17.008066177368165,"z":-22.412399291992189},"rotation":{"x":0.16322606801986695,"y":-0.6802038550376892,"z":0.15932275354862214,"w":0.6966862678527832},"size":131.43685913085938,"orthographic":false}