{"cameraMode":{"drawMode":0,"name":"Shaded","section":"Shading Mode"},"sceneLighting":true,"audioPlay":false,"sceneViewState":{"showFog":true,"showMaterialUpdate":false,"showSkybox":true,"showFlares":true,"showImageEffects":true,"showParticleSystems":true},"in2DMode":false,"pivot":{"x":-17.89345359802246,"y":-1.8381931781768799,"z":82.90569305419922},"rotation":{"x":-0.11463440209627152,"y":0.33601751923561098,"z":-0.041205115616321567,"w":-0.9340266585350037},"size":91.08650970458985,"orthographic":false}