{"cameraMode":{"drawMode":0,"name":"Shaded","section":"Shading Mode"},"sceneLighting":true,"audioPlay":false,"sceneViewState":{"showFog":true,"showMaterialUpdate":false,"showSkybox":true,"showFlares":true,"showImageEffects":true,"showParticleSystems":true},"in2DMode":false,"pivot":{"x":-30.959739685058595,"y":-9.89906120300293,"z":-4.927094459533691},"rotation":{"x":0.08476047217845917,"y":-0.9151635766029358,"z":0.27021047472953799,"w":0.28697580099105837},"size":69.60870361328125,"orthographic":false}