{"cameraMode":{"drawMode":0,"name":"Shaded","section":"Shading Mode"},"sceneLighting":true,"audioPlay":false,"sceneViewState":{"showFog":true,"showMaterialUpdate":false,"showSkybox":true,"showFlares":true,"showImageEffects":true,"showParticleSystems":true},"in2DMode":false,"pivot":{"x":-17.359004974365236,"y":-3.589571475982666,"z":95.5408706665039},"rotation":{"x":-0.1611313372850418,"y":-0.09606878459453583,"z":0.016126392409205438,"w":-0.9823858737945557},"size":131.3911590576172,"orthographic":false}